{
  "lightguard_lgbm": {
    "test": {
      "roc_auc": 0.9957551102777779,
      "pr_auc": 0.9960136375580146,
      "accuracy": 0.9625083333333333,
      "precision": 0.9869448490059485,
      "recall": 0.9374166666666667,
      "f1": 0.9615433929685697,
      "threshold": 0.8,
      "n_samples": 240000,
      "n_positive": 120000
    },
    "challenge": {
      "roc_auc": 0.94823620084455,
      "pr_auc": 0.5627725726639053,
      "accuracy": 0.9579622372639829,
      "precision": 0.6262245666917859,
      "recall": 0.39477434679334916,
      "f1": 0.48426573426573427,
      "threshold": 0.8,
      "n_samples": 126315,
      "n_positive": 6315
    }
  },
  "baseline_lr": {
    "test": {
      "roc_auc": 0.9271064679166667,
      "pr_auc": 0.9050727087280114,
      "accuracy": 0.7568416666666666,
      "precision": 0.9161513326672247,
      "recall": 0.5654333333333333,
      "f1": 0.6992816728674341,
      "threshold": 0.8,
      "n_samples": 240000,
      "n_positive": 120000
    },
    "challenge": {
      "roc_auc": 0.7136946978094483,
      "pr_auc": 0.13803710843996375,
      "accuracy": 0.9069310849859479,
      "precision": 0.11018770597506806,
      "recall": 0.1217735550277118,
      "f1": 0.11569128930344516,
      "threshold": 0.8,
      "n_samples": 126315,
      "n_positive": 6315
    }
  },
  "baseline_rf": {
    "test": {
      "roc_auc": 0.98990211375,
      "pr_auc": 0.9903805335774983,
      "accuracy": 0.881475,
      "precision": 0.9951755619496787,
      "recall": 0.7666666666666667,
      "f1": 0.8661024448565753,
      "threshold": 0.8,
      "n_samples": 240000,
      "n_positive": 120000
    },
    "challenge": {
      "roc_auc": 0.9188246397466349,
      "pr_auc": 0.49119981741952,
      "accuracy": 0.9594505798994577,
      "precision": 0.7860911270983213,
      "recall": 0.2595407759303246,
      "f1": 0.3902380952380952,
      "threshold": 0.8,
      "n_samples": 126315,
      "n_positive": 6315
    }
  }
}